component,variance,share
alpha (physician),0.0445346171780086,1.9911669857024488
gamma (place),0.03468444596811779,1.5507604669205497
tau (year),7.631367217033403e-5,0.0034120258399419692
"2*Cov(alpha,gamma)",-0.06609730099662241,-2.955246321360591
"2*Cov(alpha,tau)",-5.071593146316443e-5,-0.002267536913474748
"2*Cov(gamma,tau)",-4.745011808896987e-5,-0.0021215206190903237
epsilon (residual),0.009309151274482052,0.41621722285314117
Total,0.022409061046604232,1.0019213224229255
