component,variance,share_of_alpha,share_of_total
Training imprint,8.255895000231629e-5,0.001853815194421033,0.0036912556127247273
Residual physician trait,0.044452058228006304,0.9981461848055795,1.9874757300897248
"2*Cov(train, residual)",-1.8120185210998703e-17,-4.0687865663177935e-16,-8.101633482721617e-16
Sum,0.0445346171780086,1,1.9911669857024488
