mover,N,Years_Active,Volume,Resid_Cath,Grad_Year,Pct_Female
0,5456,3.302602639296188,14.613979367406786,-0.001042332833911028,1990.0824665676078,0.07892293407613742
1,4130,3.216949152542373,14.244475287290058,0.014047974384930138,1989.442237829983,0.07554479418886198
